Stimulus,MorphLevel,true_ctrl_score,true_asd_score,delta_behavior_signed_ctrl_minus_asd,delta_behavior_abs,clip_pred_delta_abs,is_clip_selected_top20pct
0,100,0.9361702127659576,0.8837209302325582,0.05244928253339942,0.05244928253339942,0.049310447798820434,False
1,20,0.3111111111111111,0.4651162790697674,-0.15400516795865626,0.15400516795865626,0.04920935820905936,False
2,40,0.4090909090909091,0.4878048780487805,-0.07871396895787136,0.07871396895787136,0.05438167166196395,False
3,60,0.8372093023255814,0.9,-0.06279069767441858,0.06279069767441858,0.04846632082815672,False
4,80,0.8478260869565217,0.9,-0.05217391304347829,0.05217391304347829,0.031243402713293067,False
5,100,0.8863636363636364,0.8809523809523809,0.005411255411255422,0.005411255411255422,0.0034764676364256175,False
6,20,0.6744186046511628,0.7317073170731707,-0.05728871242200795,0.05728871242200795,0.00567522325026415,False
7,40,0.8181818181818182,0.95,-0.13181818181818172,0.13181818181818172,0.009957321771223104,False
8,60,0.8444444444444444,0.9523809523809524,-0.107936507936508,0.107936507936508,0.009096496756351491,False
9,80,0.9166666666666666,0.825,0.09166666666666667,0.09166666666666667,0.0035400755911253468,False
10,100,0.8636363636363636,0.8809523809523809,-0.017316017316017285,0.017316017316017285,0.13188103434997622,True
11,20,0.5,0.3170731707317073,0.18292682926829268,0.18292682926829268,0.12528210930851746,True
12,40,0.8478260869565217,0.3414634146341463,0.5063626723223754,0.5063626723223754,0.1367063474993382,True
13,60,0.8181818181818182,0.7073170731707317,0.11086474501108656,0.11086474501108656,0.14654001457704358,True
14,80,0.9545454545454546,0.8,0.15454545454545454,0.15454545454545454,0.1458216607385876,True
15,100,0.9302325581395348,0.9,0.030232558139534738,0.030232558139534738,0.019221067183570084,False
16,20,0.3777777777777777,0.4358974358974359,-0.05811965811965819,0.05811965811965819,0.03437625224252039,False
17,40,0.5909090909090909,0.5714285714285714,0.019480519480519543,0.019480519480519543,0.042667348560624374,False
18,60,0.7777777777777778,0.8048780487804879,-0.027100271002710064,0.027100271002710064,0.017026167454734287,False
19,80,0.8888888888888888,0.8571428571428571,0.031746031746031744,0.031746031746031744,0.04607085822243795,False
20,100,0.9130434782608696,0.9,0.013043478260869601,0.013043478260869601,0.027286703617155017,False
21,20,0.4634146341463415,0.3,0.1634146341463415,0.1634146341463415,0.04891440015185872,False
22,40,0.5909090909090909,0.5128205128205128,0.07808857808857816,0.07808857808857816,0.054709160358941855,False
23,60,0.7954545454545454,0.575,0.22045454545454546,0.22045454545454546,0.04458385481038457,False
24,80,0.9523809523809524,0.8205128205128205,0.13186813186813195,0.13186813186813195,0.027792761827161117,False
25,100,0.9069767441860463,0.9047619047619048,0.002214839424141579,0.002214839424141579,0.007328892869469583,False
26,20,0.5,0.5,0.0,0.0,0.0007406393623152763,False
27,40,0.5555555555555556,0.6578947368421053,-0.10233918128654973,0.10233918128654973,0.03435991072911615,False
28,60,0.7954545454545454,0.8461538461538461,-0.05069930069930073,0.05069930069930073,0.04864172477803652,False
29,80,0.8636363636363636,0.8205128205128205,0.04312354312354316,0.04312354312354316,0.007398148864772414,False
30,100,0.8409090909090909,0.825,0.015909090909090984,0.015909090909090984,0.03919120862930203,False
31,20,0.4772727272727273,0.4102564102564102,0.0670163170163171,0.0670163170163171,0.021552561146712,False
32,40,0.6818181818181818,0.5789473684210527,0.10287081339712911,0.10287081339712911,0.005205739676582,False
33,60,0.8636363636363636,0.6,0.26363636363636367,0.26363636363636367,0.019020764144169755,False
34,80,0.9545454545454546,0.775,0.17954545454545456,0.17954545454545456,0.04276166968392636,False
35,100,0.9333333333333332,0.8333333333333334,0.09999999999999987,0.09999999999999987,0.00732901214814019,False
36,20,0.5555555555555556,0.3,0.2555555555555556,0.2555555555555556,0.07699465137738848,True
37,40,0.7954545454545454,0.725,0.07045454545454544,0.07045454545454544,0.05611447664650948,False
38,60,0.8604651162790697,0.675,0.1854651162790697,0.1854651162790697,0.05923272796093637,False
39,80,0.8604651162790697,0.8780487804878049,-0.01758366420873514,0.01758366420873514,0.03647361548104511,False
40,100,0.1395348837209302,0.275,-0.13546511627906982,0.13546511627906982,0.02362387678407618,False
41,100,0.2954545454545454,0.25,0.045454545454545414,0.045454545454545414,0.05665941444139411,False
42,80,0.2325581395348837,0.175,0.0575581395348837,0.0575581395348837,0.0628123492896917,False
43,60,0.1136363636363636,0.1842105263157894,-0.0705741626794258,0.0705741626794258,0.05917404480339172,False
44,40,0.0697674418604651,0.2564102564102564,-0.18664281454979129,0.18664281454979129,0.08257572792993761,True
45,20,0.238095238095238,0.25,-0.011904761904762001,0.011904761904762001,0.02551767915229175,False
46,100,0.6222222222222222,0.6,0.022222222222222254,0.022222222222222254,0.017088913121942717,False
47,80,0.4883720930232558,0.65,-0.16162790697674423,0.16162790697674423,0.0031623339910734627,False
48,60,0.2045454545454545,0.625,-0.4204545454545455,0.4204545454545455,0.005923877292386193,False
49,40,0.1395348837209302,0.4102564102564102,-0.27072152653548,0.27072152653548,0.002206993879807495,False
50,20,0.1555555555555555,0.225,-0.0694444444444445,0.0694444444444445,0.07883774404197619,True
51,100,0.4186046511627907,0.3076923076923077,0.11091234347048301,0.11091234347048301,0.15033610338189762,True
52,80,0.5909090909090909,0.35,0.24090909090909096,0.24090909090909096,0.13014143102205822,True
53,60,0.2619047619047619,0.25,0.011904761904761918,0.011904761904761918,0.11588683457836046,True
54,40,0.1818181818181818,0.225,-0.04318181818181821,0.04318181818181821,0.0794083980715019,True
55,20,0.1555555555555555,0.1463414634146341,0.009214092140921393,0.009214092140921393,0.07351444776965732,False
56,100,0.2888888888888888,0.2564102564102564,0.03247863247863242,0.03247863247863242,0.007825443284636191,False
57,80,0.2093023255813953,0.25,-0.040697674418604696,0.040697674418604696,0.007116203997511672,False
58,60,0.0930232558139534,0.0769230769230769,0.016100178890876504,0.016100178890876504,0.0020444084346986635,False
59,40,0.0909090909090909,0.1,-0.009090909090909108,0.009090909090909108,0.020823331937899647,False
60,20,0.1818181818181818,0.282051282051282,-0.1002331002331002,0.1002331002331002,0.022577249535698812,False
61,100,0.3409090909090909,0.275,0.06590909090909086,0.06590909090909086,0.018396373198317717,False
62,80,0.3409090909090909,0.3,0.040909090909090895,0.040909090909090895,0.0027333233769961107,False
63,60,0.3023255813953488,0.1578947368421052,0.14443084455324362,0.14443084455324362,0.011453666953974317,False
64,40,0.25,0.175,0.07500000000000001,0.07500000000000001,0.0017692565899182777,False
65,20,0.25,0.3846153846153846,-0.13461538461538458,0.13461538461538458,0.1108746403454211,True
66,100,0.2954545454545454,0.325,-0.029545454545454597,0.029545454545454597,0.0039475885156818324,False
67,80,0.3111111111111111,0.3076923076923077,0.0034188034188034067,0.0034188034188034067,0.003911950525248509,False
68,60,0.1818181818181818,0.2051282051282051,-0.023310023310023298,0.023310023310023298,0.08030745556028906,True
69,40,0.1818181818181818,0.3333333333333333,-0.15151515151515152,0.15151515151515152,0.1359383378005687,True
70,20,0.0930232558139534,0.125,-0.031976744186046596,0.031976744186046596,0.0660182974545496,False
71,100,0.2790697674418604,0.325,-0.045930232558139605,0.045930232558139605,0.07042283461197985,False
72,80,0.2954545454545454,0.2307692307692307,0.06468531468531472,0.06468531468531472,0.05997202796855061,False
73,60,0.1590909090909091,0.125,0.03409090909090909,0.03409090909090909,0.03745237401081358,False
74,40,0.1136363636363636,0.125,-0.011363636363636395,0.011363636363636395,0.022706606519373285,False
75,20,0.0697674418604651,0.0512820512820512,0.018485390578413904,0.018485390578413904,0.04467336873669259,False
76,100,0.3863636363636363,0.2051282051282051,0.1812354312354312,0.1812354312354312,0.12325398992809522,True
77,80,0.1627906976744186,0.2,-0.03720930232558142,0.03720930232558142,0.07320288131999741,False
78,60,0.1363636363636363,0.1025641025641025,0.03379953379953379,0.03379953379953379,0.033058476798565495,False
79,40,0.0714285714285714,0.1538461538461538,-0.0824175824175824,0.0824175824175824,0.0007167862533319913,False
